mesh_id	topl
C000631412	OTH
C000648548	OTH
C001505	OTH
C002889	OTH
C003089	OTH
C003342	OTH
C005419	OTH
C005479	OTH
C006584	OTH
C007558	OTH
C008039	OTH
C008088	OTH
C008301	OTH
C008698	OTH
C008757	OTH
C010247	OTH
C010846	OTH
C010922	OTH
C011369	OTH
C011729	OTH
C011800	OTH
C013111	OTH
C014481	OTH
C015252	OTH
C015856	OTH
C016195	OTH
C018332	OTH
C018440	OTH
C019417	OTH
C020381	OTH
C020748	OTH
C022510	OTH
C023336	OTH
C023495	OTH
C024058	OTH
C024989	OTH
C025138	OTH
C025910	OTH
C028118	OTH
C028505	OTH
C030272	OTH
C030298	OTH
C030397	OTH
C030514	OTH
C030691	OTH
C030737	OTH
C030878	OTH
C031183	OTH
C031262	OTH
C032007	OTH
C034516	OTH
C035661	OTH
C036504	OTH
C038080	OTH
C040768	OTH
C042836	OTH
C043482	OTH
C044228	OTH
C046649	OTH
C047442	OTH
C048290	OTH
C050413	OTH
C051870	OTH
C051928	OTH
C052035	OTH
C052203	OTH
C053168	OTH
C054188	OTH
C055085	OTH
C056407	OTH
C057619	OTH
C060343	OTH
C062765	OTH
C077793	OTH
C078133	OTH
C088117	OTH
C089750	OTH
C093230	OTH
C093622	OTH
C093875	OTH
C094954	OTH
C100511	OTH
C101940	OTH
C104814	OTH
C106783	OTH
C107687	OTH
C110422	OTH
C111827	OTH
C114545	OTH
C116917	OTH
C117569	OTH
C121345	OTH
C405603	OTH
C408690	OTH
C416507	OTH
C428439	OTH
C437965	OTH
C472067	OTH
C483858	OTH
C526278	OTH
C531609	OTH
C531719	OTH
C535402	OTH
C535509	OTH
C535531	OTH
C535700	OTH
C535731	OTH
C535932	OTH
C535953	OTH
C536109	OTH
C536202	OTH
C536252	OTH
C536380	OTH
C536392	OTH
C536482	OTH
C536494	OTH
C536590	OTH
C536773	OTH
C536777	OTH
C536821	OTH
C536875	OTH
C537412	OTH
C537417	OTH
C537748	OTH
C538362	OTH
C538420	OTH
C562385	OTH
C562406	OTH
C562429	OTH
C562463	OTH
C562732	OTH
C563016	OTH
C563161	OTH
C563236	OTH
C563261	OTH
C563333	OTH
C564683	OTH
C564777	OTH
C565201	OTH
C566780	OTH
C566973	OTH
C580062	OTH
C580364	OTH
D000006	C23
D000007	OTH
D000008	C04
D000012	C16
D000012	C18
D000013	C16
D000015	C16
D000022	OTH
D000027	OTH
D000028	OTH
D000030	OTH
D000031	C01
D000037	OTH
D000038	C01
D000038	C23
D000039	C01
D000039	C08
D000052	C17
D000059	OTH
D000063	OTH
D000066553	F03
D000066988	OTH
D000067010	F03
D000067073	F03
D000067877	F03
D000068105	F03
D000068296	OTH
D000068298	OTH
D000068299	OTH
D000068438	OTH
D000068557	OTH
D000068579	OTH
D000068656	OTH
D000068718	OTH
D000068737	OTH
D000068756	OTH
D000069059	OTH
D000069196	OTH
D000069282	C11
D000069290	C23
D000069348	OTH
D000069438	OTH
D000069446	OTH
D000069447	OTH
D000069464	OTH
D000069466	OTH
D000069470	OTH
D000069580	OTH
D000069583	OTH
D000070558	C05
D000070558	C16
D000070636	OTH
D000070642	C10
D000070676	C05
D000070816	OTH
D000071017	C10
D000071056	C06
D000071056	C16
D000071057	C10
D000071057	C23
D000071060	OTH
D000071074	C01
D000071074	C16
D000071074	C23
D000071378	C05
D000071451	OTH
D000071656	OTH
D000071681	OTH
D000071697	C23
D000071698	C18
D000071698	C19
D000071698	C20
D000071700	C11
D000071700	C16
D000071858	OTH
D000071936	OTH
D000072281	C15
D000072483	OTH
D000072599	C05
D000072657	C14
D000072657	C23
D000072660	OTH
D000072661	C16
D000072716	C23
D000072742	C01
D000072797	C05
D000072861	F03
D000073376	C10
D000073496	C23
D000073618	C01
D000073818	C23
D000073842	C14
D000073842	C16
D000073869	F03
D000073923	C23
D000073932	F03
D000074049	OTH
D000074765	OTH
D000074962	C14
D000074962	C20
D000075222	C14
D000075224	C14
D000075262	C19
D000075322	OTH
D000075363	C04
D000075384	F03
D000075662	C23
D000075983	OTH
D000076385	C06
D000077144	OTH
D000077152	OTH
D000077154	OTH
D000077155	OTH
D000077195	C04
D000077205	OTH
D000077206	OTH
D000077213	OTH
D000077216	C04
D000077236	OTH
D000077239	OTH
D000077260	C23
D000077273	C04
D000077274	C04
D000077299	C01
D000077299	C08
D000077299	C23
D000077333	OTH
D000077334	OTH
D000077338	OTH
D000077339	OTH
D000077402	OTH
D000077403	OTH
D000077405	OTH
D000077428	C15
D000077428	C16
D000077430	OTH
D000077557	OTH
D000077613	OTH
D000077684	C10
D000077765	C11
D000078602	F03
D000078785	OTH
D000079225	F03
D000079564	F03
D000079689	C23
D000079689	F03
D000080203	C08
D000080223	C17
D000080223	C20
D000080305	OTH
D000080324	C11
D000080344	C10
D000080344	C11
D000080344	C16
D000080362	C11
D000080362	C16
D000080424	C23
D000080485	C10
D000080485	C23
D000080682	OTH
D000081013	F03
D000081015	C23
D000081028	C10
D000081028	C11
D000081028	C23
D000081029	C08
D000081030	C05
D000081030	C10
D000081030	C23
D000081032	C06
D000081084	OTH
D000081207	C16
D000081207	C20
D000081208	C16
D000081208	C20
D000081226	OTH
D000082	OTH
D000082182	OTH
D000082843	C19
D000082843	C23
D000082882	C14
D000082882	C16
D000083242	C10
D000083242	C14
D000083262	C10
D000083262	C14
D000084002	C01
D000084002	C17
D000084063	C23
D000086002	C04
D000086382	C01
D000086382	C08
D000087122	C10
D000087122	C23
D000108	OTH
D000124	F03
D000130	C05
D000130	C16
D000136	OTH
D000138	C18
D000140	C18
D000141	C16
D000141	C18
D000142	C08
D000142	C18
D000151	C01
D000152	C17
D000163	C01
D000163	C20
D000168	C05
D000168	C16
D000169	C16
D000169	C17
D000170	C10
D000172	C05
D000172	C10
D000172	C19
D000182	C04
D000210	C23
D000219	C14
D000219	C23
D000224	C19
D000224	C20
D000225	OTH
D000230	C04
D000236	C04
D000243	OTH
D000257	C01
D000258	C01
D000267	C23
D000275	F03
D000292	C01
D000303	C19
D000307	C19
D000308	C19
D000309	C19
D000310	C04
D000312	C16
D000312	C18
D000312	C19
D000326	C10
D000326	C16
D000326	C18
D000326	C19
D000334	C23
D000339	F03
D000341	F03
D000342	F03
D000347	C15
D000347	C16
D000361	C15
D000361	C20
D000370	C10
D000370	C23
D000374	F03
D000375	OTH
D000377	C10
D000377	C23
D000379	F03
D000380	C15
D000381	C10
D000381	C23
D000402	C08
D000410	OTH
D000417	C11
D000417	C16
D000417	C17
D000417	C18
D000419	C23
D000420	OTH
D000428	F03
D000430	C10
D000430	F03
D000435	F03
D000437	F03
D000469	OTH
D000471	C18
D000472	C08
D000472	C18
D000474	C16
D000474	C18
D000493	OTH
D000505	C17
D000505	C23
D000506	C17
D000532	C08
D000542	C08
D000542	C20
D000544	C10
D000544	F03
D000547	OTH
D000550	C10
D000550	C11
D000550	C23
D000562	C01
D000567	C16
D000568	C23
D000592	C16
D000592	C18
D000596	OTH
D000597	OTH
D000627	OTH
D000637	OTH
D000638	OTH
D000641	OTH
D000647	C10
D000647	C23
D000647	F03
D000648	C10
D000648	C23
D000648	F03
D000658	OTH
D000681	OTH
D000686	C18
D000690	C10
D000690	C18
D000699	C10
D000699	C16
D000707	C20
D000735	OTH
D000740	C15
D000741	C15
D000742	C15
D000742	C16
D000743	C15
D000744	C15
D000744	C20
D000745	C15
D000745	C16
D000746	C15
D000746	C16
D000747	C15
D000748	C15
D000749	C15
D000751	C15
D000751	C16
D000752	C15
D000752	C18
D000753	C15
D000754	C15
D000755	C15
D000755	C16
D000756	C15
D000757	C10
D000757	C16
D000758	OTH
D000762	OTH
D000775	OTH
D000783	C14
D000784	C14
D000786	F03
D000787	C14
D000787	C23
D000788	C14
D000788	C23
D000789	C14
D000789	C23
D000795	C10
D000795	C14
D000795	C16
D000795	C18
D000799	C14
D000799	C17
D000799	C20
D000844	C05
D000848	C16
D000853	C11
D000853	C16
D000855	C23
D000856	F03
D000857	C10
D000857	C23
D000858	C19
D000860	C23
D000881	C01
D000886	OTH
D000941	OTH
D000974	OTH
D000987	F03
D001002	OTH
D001004	C06
D001005	C04
D001006	C06
D001006	C16
D001007	F03
D001008	F03
D001014	C14
D001017	C14
D001017	C16
D001018	C14
D001019	C14
D001022	C14
D001024	C14
D001026	OTH
D001035	C11
D001037	C10
D001037	C23
D001044	C08
D001044	C10
D001044	C23
D001049	C08
D001049	C23
D001064	C01
D001064	C06
D001066	C06
D001066	F03
D001068	F03
D001072	C10
D001072	C23
D001100	C10
D001112	C11
D001142	OTH
D001145	C14
D001145	C23
D001146	C14
D001146	C23
D001157	C14
D001161	C14
D001164	C14
D001164	C16
D001164	C23
D001165	C14
D001165	C16
D001167	C14
D001168	C05
D001170	C01
D001170	C05
D001171	C05
D001171	C17
D001171	C20
D001172	C05
D001172	C17
D001172	C20
D001176	C05
D001176	C16
D001177	C05
D001184	C10
D001184	C23
D001196	C01
D001201	C23
D001205	OTH
D001219	OTH
D001228	C01
D001237	C23
D001241	OTH
D001248	C11
D001249	C08
D001249	C20
D001251	C11
D001254	C04
D001259	C10
D001259	C23
D001260	C10
D001260	C14
D001260	C16
D001260	C18
D001260	C20
D001261	C08
D001262	OTH
D001264	C10
D001264	C23
D001265	OTH
D001281	C14
D001281	C23
D001282	C14
D001282	C23
D001284	C23
D001288	F03
D001289	F03
D001321	F03
D001327	C20
D001332	F03
D001336	OTH
D001342	C10
D001361	C18
D001379	OTH
D001405	C05
D001416	C23
D001418	OTH
D001424	C01
D001437	C01
D001446	OTH
D001471	C04
D001477	C19
D001478	C04
D001480	C10
D001481	OTH
D001506	C16
D001507	OTH
D001515	OTH
D001519	F03
D001523	F03
D001528	C11
D001528	C14
D001528	C16
D001528	C17
D001539	OTH
D001606	C15
D001606	C16
D001613	OTH
D001621	OTH
D001622	OTH
D001623	OTH
D001629	OTH
D001630	OTH
D001646	OTH
D001649	C06
D001650	C04
D001651	C06
D001656	C06
D001656	C16
D001657	C06
D001660	C06
D001663	OTH
D001714	F03
D001724	C23
D001726	OTH
D001733	OTH
D001742	C01
D001744	C23
D001745	OTH
D001746	C16
D001748	OTH
D001749	C04
D001750	C10
D001750	C23
D001752	C04
D001759	C01
D001759	C08
D001759	C17
D001762	C11
D001763	C11
D001764	C11
D001766	C10
D001766	C11
D001766	C23
D001768	C17
D001768	C23
D001777	OTH
D001778	C15
D001779	OTH
D001786	OTH
D001791	C15
D001794	OTH
D001798	OTH
D001806	OTH
D001810	OTH
D001816	C16
D001816	C18
D001816	C20
D001823	OTH
D001827	OTH
D001832	C23
D001835	C23
D001837	OTH
D001847	C05
D001848	C05
D001850	C01
D001850	C05
D001851	C05
D001851	C18
D001855	C15
D001859	C04
D001861	C05
D001906	C01
D001906	C10
D001913	C04
D001919	C14
D001919	C23
D001921	OTH
D001922	C01
D001922	C10
D001924	C10
D001927	C10
D001928	C10
D001928	C18
D001929	C10
D001930	C10
D001932	C04
D001939	OTH
D001941	C17
D001942	F03
D001943	C04
D001946	OTH
D001982	C08
D001986	C08
D001987	C08
D001988	C01
D001988	C08
D001989	C08
D001991	C01
D001991	C08
D001996	C01
D001996	C08
D001997	C08
D001997	C16
D002006	C01
D002012	F03
D002032	C23
D002034	OTH
D002037	C14
D002037	C23
D002047	OTH
D002051	C04
D002054	OTH
D002056	OTH
D002057	OTH
D002062	C05
D002079	OTH
D002087	OTH
D002097	OTH
D002100	C23
D002104	OTH
D002114	C18
D002115	C18
D002118	OTH
D002128	C18
D002149	OTH
D002177	C01
D002178	C01
D002178	C17
D002179	C01
D002179	C17
D002180	C01
D002181	C01
D002189	F03
D002198	OTH
D002216	OTH
D002220	OTH
D002231	OTH
D002239	C16
D002239	C18
D002241	OTH
D002245	OTH
D002270	C01
D002270	C17
D002272	OTH
D002276	C04
D002277	C04
D002278	C04
D002280	C04
D002282	C04
D002289	C04
D002292	C04
D002294	C04
D002303	C14
D002303	C23
D002305	C14
D002311	C14
D002311	C16
D002312	C14
D002313	C14
D002318	C14
D002320	OTH
D002338	OTH
D002340	C10
D002340	C14
D002341	C10
D002341	C14
D002349	C10
D002352	OTH
D002357	C05
D002357	C17
D002375	C10
D002375	C23
D002385	C10
D002385	F03
D002386	C11
D002389	C10
D002389	C23
D002394	OTH
D002402	OTH
D002422	C10
D002429	C06
D002430	C04
D002446	C06
D002446	C18
D002481	C01
D002481	C17
D002481	C23
D002493	C10
D002494	C01
D002494	C10
D002508	OTH
D002518	OTH
D002523	C01
D002524	C10
D002524	C23
D002526	C10
D002532	C10
D002532	C14
D002534	C10
D002534	C23
D002537	C10
D002537	C14
D002543	C10
D002543	C14
D002543	C23
D002544	C10
D002544	C14
D002544	C23
D002545	C10
D002545	C14
D002546	C10
D002546	C14
D002547	C10
D002558	C10
D002558	C23
D002559	C10
D002559	C23
D002561	C10
D002561	C14
D002575	OTH
D002577	OTH
D002578	C04
D002579	OTH
D002581	OTH
D002583	C04
D002598	C01
D002598	C14
D002607	C10
D002607	C16
D002609	C11
D002609	C15
D002609	C16
D002609	C20
D002611	OTH
D002613	OTH
D002636	C05
D002636	C16
D002637	C23
D002639	C08
D002639	C23
D002644	C01
D002647	OTH
D002658	F03
D002659	F03
D002663	F03
D002690	C01
D002694	C01
D002712	OTH
D002744	OTH
D002754	C08
D002754	C16
D002761	C06
D002764	C06
D002769	C06
D002771	C01
D002779	C06
D002780	C06
D002784	OTH
D002788	OTH
D002805	C05
D002806	C05
D002819	C10
D002819	C23
D002822	C04
D002825	C11
D002829	OTH
D002836	C15
D002836	C16
D002872	C23
D002916	C08
D002921	C23
D002925	C08
D002925	C16
D002936	OTH
D002940	OTH
D002971	C16
D002972	C05
D002972	C16
D002973	C05
D002973	C16
D002997	OTH
D003000	OTH
D003015	C01
D003025	C05
D003025	C16
D003027	C10
D003047	C01
D003057	C05
D003057	C10
D003057	C16
D003057	C18
D003061	OTH
D003069	OTH
D003071	F03
D003072	F03
D003078	OTH
D003085	C16
D003092	C06
D003093	C06
D003095	C17
D003103	C11
D003103	C16
D003108	C06
D003110	C04
D003111	C23
D003112	C06
D003117	C10
D003117	C11
D003117	C23
D003123	C04
D003128	C10
D003128	C23
D003139	C01
D003139	C08
D003141	C01
D003141	C23
D003161	C05
D003161	C14
D003176	OTH
D003181	OTH
D003192	F03
D003193	F03
D003218	C01
D003218	C17
D003221	C10
D003221	C23
D003229	C11
D003231	C11
D003233	C11
D003233	C20
D003234	C01
D003234	C11
D003240	C17
D003244	C10
D003244	C23
D003244	F03
D003248	C23
D003251	C23
D003267	OTH
D003286	C05
D003288	OTH
D003294	C10
D003294	C23
D003315	OTH
D003316	C11
D003317	C11
D003317	C16
D003318	C11
D003320	C01
D003320	C11
D003323	C14
D003324	C14
D003327	C14
D003328	C14
D003329	C14
D003342	OTH
D003371	C08
D003371	C23
D003389	C10
D003394	C05
D003394	C16
D003398	C05
D003398	C16
D003401	OTH
D003402	OTH
D003404	OTH
D003409	C05
D003409	C16
D003409	C19
D003414	C16
D003414	C18
D003424	C06
D003440	C08
D003448	F03
D003449	C14
D003449	C15
D003449	C20
D003453	C01
D003456	C16
D003456	C19
D003457	C01
D003457	C06
D003480	C19
D003483	C16
D003483	C17
D003490	C23
D003501	OTH
D003527	F03
D003528	C04
D003550	C06
D003550	C08
D003550	C16
D003554	C16
D003554	C18
D003555	C16
D003556	OTH
D003560	C04
D003586	C01
D003607	C11
D003635	C10
D003635	C16
D003638	C10
D003638	C23
D003639	C10
D003639	C23
D003643	C23
D003645	C23
D003668	C17
D003677	C18
D003680	C06
D003681	C18
D003681	C23
D003693	C10
D003693	C23
D003693	F03
D003699	C01
D003699	C06
D003702	F03
D003704	C10
D003704	F03
D003711	C10
D003715	C01
D003731	OTH
D003744	C16
D003778	OTH
D003805	C16
D003807	OTH
D003811	C16
D003861	F03
D003863	F03
D003865	F03
D003866	F03
D003872	C17
D003873	C17
D003874	C17
D003874	C20
D003875	C17
D003875	C20
D003876	C16
D003876	C17
D003876	C20
D003877	C17
D003878	OTH
D003881	C01
D003881	C17
D003882	C05
D003882	C10
D003882	C17
D003919	C19
D003920	C18
D003920	C19
D003922	C18
D003922	C19
D003922	C20
D003924	C18
D003924	C19
D003925	C14
D003925	C19
D003926	C19
D003928	C19
D003929	C10
D003929	C19
D003930	C11
D003930	C14
D003930	C19
D003956	OTH
D003963	C17
D003966	C05
D003966	C16
D003967	C23
D003968	C23
D004057	C05
D004062	C05
D004062	C14
D004062	C15
D004062	C16
D004062	C19
D004065	C06
D004065	C16
D004066	C06
D004077	OTH
D004093	OTH
D004108	C23
D004110	OTH
D004143	OTH
D004165	C01
D004172	C10
D004172	C11
D004172	C23
D004176	OTH
D004194	C23
D004204	C05
D004211	C15
D004213	F03
D004231	OTH
D004232	OTH
D004238	C06
D004240	C06
D004240	C23
D004243	F03
D004244	C23
D004294	OTH
D004308	OTH
D004310	C14
D004310	C16
D004314	C10
D004314	C16
D004325	F03
D004326	C06
D004327	F03
D004342	C20
D004347	OTH
D004351	OTH
D004357	OTH
D004361	OTH
D004363	OTH
D004368	OTH
D004370	C10
D004370	C11
D004370	C16
D004374	C14
D004374	C16
D004381	C06
D004382	C06
D004387	C04
D004392	C05
D004392	C16
D004392	C19
D004393	C05
D004393	C10
D004393	C19
D004401	C10
D004401	C23
D004402	C10
D004402	C16
D004403	C06
D004408	C10
D004408	C23
D004409	C10
D004409	C23
D004410	C10
D004410	C23
D004410	F03
D004412	C23
D004413	C05
D004414	F03
D004415	C23
D004417	C08
D004417	C23
D004420	OTH
D004421	C10
D004421	C23
D004422	C10
D004422	C16
D004423	OTH
D004427	OTH
D004433	C23
D004438	C15
D004438	C23
D004454	C10
D004454	C23
D004461	OTH
D004476	C16
D004476	C17
D004478	C01
D004479	C11
D004479	C16
D004480	C05
D004480	C16
D004483	C11
D004485	C17
D004487	C23
D004489	C14
D004489	C23
D004522	OTH
D004535	C14
D004535	C15
D004535	C16
D004535	C17
D004542	OTH
D004562	OTH
D004573	OTH
D004604	C15
D004612	C15
D004612	C16
D004613	C05
D004613	C16
D004613	C17
D004617	C14
D004619	C14
D004620	C14
D004644	F03
D004645	F03
D004646	C23
D004660	C10
D004669	C01
D004672	C01
D004672	C10
D004673	C10
D004673	C20
D004677	C10
D004677	C16
D004677	C23
D004685	C01
D004685	C10
D004686	C01
D004696	C14
D004698	C01
D004698	C14
D004700	C19
D004701	C04
D004714	OTH
D004715	OTH
D004716	OTH
D004719	C14
D004728	OTH
D004751	C06
D004760	C06
D004761	C01
D004761	C06
D004769	C01
D004775	F03
D004790	OTH
D004802	C15
D004806	C04
D004814	C04
D004815	OTH
D004819	C01
D004819	C17
D004820	C16
D004820	C17
D004823	OTH
D004826	C01
D004826	C08
D004827	C10
D004828	C10
D004829	C10
D004830	C10
D004831	C10
D004832	C10
D004844	C08
D004844	C23
D004852	OTH
D004880	OTH
D004881	OTH
D004884	C23
D004886	C01
D004886	C17
D004890	C17
D004890	C23
D004892	C17
D004893	C17
D004893	C20
D004894	C01
D004894	C17
D004896	OTH
D004906	OTH
D004909	OTH
D004915	C04
D004916	C14
D004921	OTH
D004927	C01
D004931	C06
D004932	C06
D004933	C06
D004933	C16
D004935	C06
D004938	C04
D004939	C06
D004940	C06
D004941	C06
D004942	C06
D004948	C10
D004948	C11
D004958	OTH
D004967	OTH
D004970	OTH
D005059	F03
D005076	C17
D005080	OTH
D005082	C05
D005094	C11
D005096	C05
D005097	C04
D005117	C14
D005117	C23
D005120	F03
D005123	OTH
D005124	C11
D005124	C16
D005126	C10
D005127	OTH
D005128	C11
D005129	C10
D005130	C11
D005130	C23
D005131	C10
D005131	C11
D005133	C05
D005134	C04
D005141	C11
D005146	C23
D005151	C10
D005156	C10
D005157	C23
D005158	C10
D005158	C23
D005162	F03
D005166	C15
D005166	C16
D005167	OTH
D005168	C15
D005168	C16
D005171	C15
D005171	C16
D005173	C15
D005173	C16
D005175	C15
D005175	C16
D005177	C15
D005177	C16
D005183	C23
D005185	C04
D005191	F03
D005198	C16
D005199	C15
D005199	C16
D005199	C18
D005207	C10
D005207	C23
D005208	C05
D005215	F03
D005218	C23
D005221	C23
D005234	C06
D005239	F03
D005242	C06
D005244	C06
D005247	F03
D005261	OTH
D005262	C23
D005264	OTH
D005265	OTH
D005271	C05
D005271	C23
D005272	C05
D005293	OTH
D005306	OTH
D005313	C23
D005315	C16
D005316	C23
D005317	C16
D005317	C23
D005319	OTH
D005320	C16
D005320	C19
D005320	C23
D005322	OTH
D005331	C15
D005331	C16
D005334	C23
D005335	C23
D005340	OTH
D005346	OTH
D005347	OTH
D005348	C17
D005350	C04
D005352	C14
D005355	C23
D005356	C05
D005356	C10
D005384	C05
D005395	OTH
D005401	C06
D005402	C23
D005413	C05
D005413	C16
D005414	C23
D005424	OTH
D005436	OTH
D005438	OTH
D005458	OTH
D005459	OTH
D005473	OTH
D005483	C23
D005489	C05
D005489	C16
D005489	C17
D005490	C01
D005492	OTH
D005494	C18
D005497	C04
D005499	C17
D005512	C20
D005517	OTH
D005518	F03
D005532	C05
D005532	C16
D005536	C01
D005541	OTH
D005547	OTH
D005598	OTH
D005600	C10
D005600	C16
D005621	C10
D005621	C16
D005621	C18
D005633	C16
D005633	C18
D005639	F03
D005640	OTH
D005642	C11
D005642	C16
D005645	C10
D005645	C16
D005645	C18
D005660	C05
D005660	C16
D005665	OTH
D005667	C01
D005667	C17
D005683	C23
D005687	C17
D005693	C10
D005693	C16
D005693	C18
D005705	C06
D005706	C04
D005715	F03
D005719	OTH
D005723	OTH
D005734	C23
D005738	C01
D005756	C06
D005757	C06
D005759	C06
D005764	C06
D005767	C06
D005769	C06
D005770	C04
D005776	C10
D005776	C16
D005776	C18
D005831	OTH
D005832	OTH
D005833	C04
D005865	OTH
D005871	C15
D005871	C20
D005873	C01
D005873	C06
D005878	C16
D005878	C18
D005879	C10
D005879	C16
D005879	F03
D005882	OTH
D005884	C23
D005885	OTH
D005886	OTH
D005889	OTH
D005891	C01
D005901	C11
D005902	C11
D005907	OTH
D005909	C04
D005910	C04
D005916	OTH
D005918	C04
D005919	OTH
D005921	OTH
D005922	C20
D005923	OTH
D005926	C23
D005928	OTH
D005929	OTH
D005938	OTH
D005944	OTH
D005947	OTH
D005951	OTH
D005953	C16
D005953	C18
D005955	C15
D005955	C16
D005955	C18
D005973	OTH
D005996	OTH
D005998	OTH
D006008	C16
D006008	C18
D006009	C10
D006009	C16
D006009	C18
D006010	C16
D006010	C18
D006011	C16
D006011	C18
D006012	C16
D006012	C18
D006014	C05
D006014	C10
D006014	C16
D006014	C18
D006029	C18
D006030	C16
D006030	C18
D006031	OTH
D006042	C19
D006044	C19
D006053	C05
D006053	C16
D006059	C16
D006059	C19
D006061	C16
D006061	C19
D006069	C01
D006073	C05
D006073	C16
D006073	C18
D006083	C23
D006084	C20
D006086	C20
D006087	C20
D006099	C15
D006099	C23
D006105	C15
D006105	C16
D006105	C20
D006111	C11
D006111	C19
D006111	C20
D006128	OTH
D006130	C23
D006151	OTH
D006167	F03
D006177	C17
D006192	C01
D006197	OTH
D006200	C17
D006201	C17
D006209	C23
D006211	C10
D006211	C16
D006212	C10
D006212	C23
D006222	C04
D006223	C04
D006228	C05
D006228	C16
D006242	OTH
D006250	C10
D006250	C16
D006250	C18
D006255	C08
D006255	C20
D006258	C04
D006259	C10
D006261	C23
D006262	OTH
D006309	C05
D006309	F03
D006311	C10
D006311	C23
D006312	C10
D006312	C23
D006313	C10
D006313	C23
D006314	C10
D006314	C23
D006316	C10
D006316	C23
D006319	C10
D006319	C23
D006321	C14
D006323	C14
D006327	C14
D006327	C23
D006330	C14
D006330	C16
D006331	C14
D006332	C14
D006332	C23
D006333	C14
D006334	OTH
D006337	C23
D006339	OTH
D006340	OTH
D006341	C14
D006343	C14
D006343	C16
D006344	C14
D006344	C16
D006345	C14
D006345	C16
D006349	C14
D006356	C23
D006359	OTH
D006373	C01
D006379	F03
D006391	C04
D006394	C04
D006395	C05
D006395	C23
D006396	C06
D006396	C23
D006400	OTH
D006402	C15
D006406	C23
D006407	C10
D006407	C14
D006407	C23
D006408	C10
D006408	C14
D006408	C23
D006417	C23
D006423	C10
D006423	C11
D006423	C23
D006425	C15
D006429	C10
D006429	C23
D006431	C23
D006432	C16
D006432	C18
D006435	OTH
D006442	OTH
D006454	OTH
D006456	C23
D006457	C15
D006461	C23
D006463	C15
D006465	C06
D006465	C23
D006467	C15
D006467	C16
D006469	C08
D006469	C23
D006470	C23
D006471	C06
D006471	C23
D006472	C23
D006473	C23
D006474	C15
D006482	C01
D006484	C06
D006484	C14
D006487	OTH
D006491	C08
D006491	C23
D006501	C06
D006501	C10
D006501	C18
D006502	C06
D006502	C14
D006504	C06
D006504	C14
D006505	C06
D006506	C01
D006506	C06
D006509	C01
D006509	C06
D006519	C06
D006521	C06
D006525	C01
D006525	C06
D006526	C01
D006526	C06
D006527	C06
D006527	C10
D006527	C16
D006527	C18
D006528	C04
D006529	C06
D006529	C23
D006530	C06
D006547	C23
D006548	C23
D006550	C23
D006551	C23
D006552	C23
D006554	C16
D006554	C23
D006555	C23
D006557	C01
D006558	C01
D006560	C01
D006560	C17
D006561	C01
D006561	C17
D006562	C01
D006563	C01
D006563	C11
D006566	C01
D006606	C23
D006617	C05
D006618	C05
D006618	C16
D006620	OTH
D006623	C10
D006623	C14
D006623	C16
D006627	C06
D006627	C16
D006628	C17
D006628	C23
D006646	C08
D006646	C15
D006660	C01
D006678	C01
D006681	OTH
D006685	C08
D006685	C10
D006685	C23
D006689	C04
D006712	C10
D006712	C16
D006712	C17
D006712	C18
D006716	F03
D006726	C01
D006726	C11
D006732	C10
D006732	C11
D006732	C23
D006791	F03
D006810	OTH
D006815	C06
D006815	F03
D006816	C10
D006816	C16
D006816	F03
D006828	C04
D006831	OTH
D006832	C10
D006832	C16
D006833	C05
D006848	OTH
D006849	C10
D006850	C10
D006854	OTH
D006869	OTH
D006871	C11
D006871	C16
D006876	C08
D006879	OTH
D006886	OTH
D006929	C19
D006930	C10
D006930	C23
D006932	C23
D006934	C18
D006935	C23
D006937	C18
D006938	C16
D006938	C18
D006939	C23
D006940	C14
D006941	C10
D006941	C23
D006942	C15
D006942	C20
D006942	C23
D006943	C18
D006944	C19
D006945	C17
D006946	C18
D006947	C18
D006948	C10
D006948	C23
D006949	C18
D006950	C16
D006950	C18
D006951	C18
D006954	C16
D006954	C18
D006955	C18
D006956	C11
D006958	C05
D006958	C16
D006959	OTH
D006960	C16
D006960	C18
D006961	C19
D006962	C19
D006963	C23
D006965	C23
D006966	C10
D006966	C19
D006967	C20
D006968	C20
D006969	C20
D006970	C10
D006970	F03
D006971	C15
D006972	C05
D006972	C16
D006973	C14
D006974	C14
D006975	C06
D006976	C08
D006976	C14
D006978	C14
D006980	C19
D006981	C19
D006983	C17
D006984	C23
D006985	C08
D006985	C23
D006986	C18
D006987	C10
D006987	C23
D006988	C11
D006988	C23
D006994	C19
D006995	C16
D006995	C18
D006996	C18
D006998	F03
D007003	C18
D007006	C19
D007007	C17
D007008	C18
D007010	C18
D007011	C19
D007014	C16
D007014	C18
D007018	C10
D007018	C19
D007019	C15
D007020	C15
D007020	C16
D007021	C16
D007022	C14
D007024	C10
D007024	C14
D007035	C23
D007037	C19
D007039	C17
D007040	C08
D007040	C23
D007044	OTH
D007046	F03
D007052	OTH
D007057	C16
D007057	C17
D007074	OTH
D007079	C06
D007088	C10
D007088	C23
D007109	C20
D007119	C15
D007119	C20
D007136	OTH
D007147	OTH
D007153	C20
D007154	C20
D007160	C20
D007165	OTH
D007169	C01
D007169	C17
D007172	F03
D007174	F03
D007177	C10
D007177	C18
D007177	C19
D007182	OTH
D007184	C16
D007184	C17
D007190	OTH
D007213	OTH
D007230	OTH
D007232	C16
D007238	C23
D007239	C01
D007244	C01
D007244	C15
D007244	C20
D007246	OTH
D007247	OTH
D007248	OTH
D007249	C23
D007251	C01
D007251	C08
D007288	OTH
D007299	OTH
D007319	C10
D007319	F03
D007328	OTH
D007331	C10
D007331	C18
D007333	C18
D007340	C04
D007360	F03
D007383	C14
D007383	C23
D007398	F03
D007402	C17
D007403	C05
D007405	C05
D007405	C23
D007410	C06
D007412	C06
D007412	C23
D007414	C04
D007415	C06
D007416	C06
D007418	C06
D007421	OTH
D007429	OTH
D007433	OTH
D007443	C06
D007499	C11
D007500	C11
D007501	OTH
D007508	F03
D007511	C23
D007532	OTH
D007562	C01
D007562	C10
D007562	F03
D007565	C23
D007566	C16
D007566	C18
D007567	C16
D007567	C23
D007571	C05
D007573	C04
D007589	C15
D007589	C16
D007589	C20
D007592	C05
D007593	C05
D007617	C01
D007617	C17
D007619	C08
D007619	C14
D007619	C16
D007625	C05
D007625	C10
D007625	C11
D007625	C14
D007625	C18
D007625	C23
D007627	C17
D007627	C23
D007634	C11
D007636	C17
D007637	C11
D007638	C11
D007640	C11
D007642	C17
D007644	C16
D007644	C17
D007645	C16
D007645	C17
D007662	C18
D007668	OTH
D007669	C23
D007673	OTH
D007674	OTH
D007676	OTH
D007680	C04
D007681	OTH
D007683	OTH
D007690	C16
D007706	C10
D007706	C16
D007706	C17
D007706	C18
D007710	C01
D007713	C16
D007713	C19
D007714	C05
D007714	C16
D007736	OTH
D007737	OTH
D007738	C05
D007751	OTH
D007752	OTH
D007759	OTH
D007762	OTH
D007766	C11
D007767	C11
D007770	OTH
D007787	C06
D007787	C16
D007787	C18
D007791	OTH
D007805	C10
D007805	C23
D007806	C10
D007806	C23
D007818	C08
D007819	C08
D007822	C04
D007826	C08
D007827	C01
D007827	C08
D007830	OTH
D007839	C05
D007839	F03
D007855	OTH
D007859	C10
D007859	C23
D007859	F03
D007863	C16
D007863	C18
D007871	C17
D007888	C10
D007888	C16
D007888	C18
D007889	C04
D007890	C04
D007896	C01
D007896	C17
D007899	OTH
D007905	C11
D007906	C11
D007911	C17
D007918	C01
D007922	C01
D007925	C14
D007926	C10
D007926	C16
D007926	C18
D007938	C04
D007943	C04
D007945	C04
D007946	C04
D007951	C04
D007952	C04
D007955	C15
D007958	OTH
D007960	C15
D007964	C15
D007964	C23
D007965	C10
D007965	C16
D007965	C18
D007966	C10
D007966	C16
D007966	C18
D007968	C01
D007968	C10
D007969	C10
D007969	C14
D007969	C16
D007970	C15
D007971	C04
D007972	C04
D007973	OTH
D007989	F03
D008010	C17
D008049	OTH
D008052	C16
D008052	C18
D008055	OTH
D008059	C16
D008059	C17
D008059	C18
D008060	C17
D008060	C18
D008064	C16
D008064	C18
D008065	C08
D008065	C16
D008067	C04
D008068	C17
D008068	C18
D008071	OTH
D008072	C16
D008072	C18
D008074	OTH
D008076	OTH
D008078	OTH
D008080	C04
D008088	C01
D008099	OTH
D008100	C01
D008100	C06
D008103	C06
D008103	C23
D008104	C06
D008104	C23
D008105	C06
D008105	C23
D008107	C06
D008108	C06
D008111	OTH
D008113	C04
D008127	OTH
D008132	F03
D008133	C14
D008133	C16
D008133	C23
D008136	OTH
D008139	OTH
D008141	C05
D008169	C01
D008169	C08
D008171	C08
D008173	C08
D008175	C04
D008176	OTH
D008178	C17
D008179	C17
D008180	C17
D008180	C20
D008181	C17
D008181	C20
D008193	C01
D008194	OTH
D008199	C15
D008201	C15
D008201	C16
D008205	C15
D008206	C15
D008209	C15
D008210	C04
D008218	C15
D008223	C04
D008224	C04
D008228	C04
D008231	C15
D008231	C20
D008232	C15
D008232	C20
D008239	OTH
D008244	OTH
D008258	C04
D008268	C11
D008269	C11
D008274	OTH
D008275	C18
D008286	C06
D008286	C18
D008288	C01
D008303	C04
D008305	C23
D008309	C06
D008310	OTH
D008313	OTH
D008342	C05
D008342	C11
D008342	C16
D008345	OTH
D008363	C16
D008363	C18
D008375	C10
D008375	C16
D008375	C18
D008382	C05
D008382	C14
D008382	C16
D008382	C17
D008413	C17
D008415	C04
D008417	C01
D008417	C05
D008423	OTH
D008457	C01
D008477	C08
D008478	C08
D008478	C23
D008479	C04
D008480	C08
D008527	C04
D008531	C06
D008532	C06
D008545	C04
D008548	C17
D008551	C06
D008551	C23
D008565	OTH
D008569	C10
D008569	C23
D008570	F03
D008572	OTH
D008575	OTH
D008577	C04
D008579	C04
D008580	C10
D008580	C23
D008581	C10
D008582	C10
D008587	C01
D008587	C10
D008588	C10
D008588	C16
D008588	C23
D008589	C01
D008590	C01
D008590	C10
D008591	C10
D008591	C16
D008593	OTH
D008594	OTH
D008595	C23
D008597	OTH
D008599	C23
D008603	F03
D008607	C10
D008607	C23
D008607	F03
D008654	C04
D008658	OTH
D008659	C18
D008661	C16
D008661	C18
D008664	C16
D008664	C18
D008679	C23
D008687	OTH
D008708	C15
D008727	OTH
D008787	OTH
D008790	OTH
D008796	C23
D008831	C05
D008831	C10
D008831	C16
D008844	C05
D008844	C16
D008850	C11
D008850	C16
D008878	C08
D008881	C10
D008883	C17
D008892	OTH
D008911	OTH
D008944	C14
D008945	C14
D008947	C17
D008976	C01
D008976	C17
D008998	C15
D008998	C20
D009006	C23
D009026	OTH
D009041	C23
D009043	C05
D009043	F03
D009056	C16
D009058	C08
D009058	C23
D009059	OTH
D009062	C04
D009069	C10
D009072	C10
D009072	C14
D009080	C14
D009080	C15
D009080	C17
D009081	C05
D009081	C10
D009081	C16
D009081	C18
D009083	C16
D009083	C17
D009083	C18
D009084	C16
D009084	C17
D009084	C18
D009085	C16
D009085	C17
D009085	C18
D009087	C16
D009087	C17
D009087	C18
D009091	C01
D009099	OTH
D009101	C04
D009102	C23
D009103	C10
D009103	C20
D009107	C01
D009120	C05
D009120	C10
D009120	C23
D009122	C10
D009122	C23
D009123	C10
D009123	C23
D009126	C05
D009127	C05
D009127	C10
D009127	C23
D009128	C05
D009128	C10
D009128	C23
D009129	C05
D009132	C05
D009133	C10
D009133	C23
D009134	C10
D009135	C05
D009135	C10
D009136	C05
D009136	C10
D009136	C16
D009139	C05
D009139	C16
D009140	C05
D009155	C10
D009155	C23
D009155	F03
D009157	C04
D009164	C01
D009165	C01
D009181	C01
D009187	C01
D009187	C10
D009188	C04
D009190	C15
D009195	OTH
D009196	C15
D009202	C14
D009203	C14
D009203	C23
D009205	C14
D009207	C10
D009207	C23
D009209	C05
D009211	OTH
D009212	C05
D009216	C11
D009220	C05
D009220	C10
D009221	C05
D009222	C10
D009222	C23
D009223	C05
D009223	C10
D009223	C16
D009224	C05
D009224	C10
D009224	C16
D009230	C17
D009230	C19
D009241	OTH
D009260	C17
D009261	C05
D009261	C16
D009261	C17
D009263	C17
D009264	C23
D009290	C10
D009290	F03
D009293	F03
D009298	C08
D009298	C23
D009302	OTH
D009303	C04
D009304	C01
D009304	C08
D009320	OTH
D009325	C23
D009333	OTH
D009336	C23
D009341	F03
D009357	C16
D009357	F03
D009358	C16
D009362	C04
D009369	C04
D009371	C04
D009372	C04
D009373	C04
D009377	C04
D009386	C04
D009389	C23
D009393	OTH
D009394	C16
D009394	C17
D009395	OTH
D009396	C04
D009397	C18
D009400	OTH
D009401	OTH
D009402	OTH
D009404	OTH
D009419	OTH
D009421	C10
D009421	C16
D009422	C10
D009436	C10
D009436	C16
D009437	C10
D009437	C23
D009442	C04
D009443	C10
D009447	C04
D009450	C17
D009455	C04
D009456	C04
D009459	C10
D009461	C10
D009461	C23
D009463	C04
D009468	C10
D009471	C10
D009471	C11
D009471	C20
D009472	C10
D009472	C16
D009472	C18
D009477	C10
D009477	C16
D009497	F03
D009503	C15
D009504	OTH
D009506	C04
D009508	C04
D009542	C10
D009542	C15
D009542	C16
D009542	C18
D009543	OTH
D009617	C01
D009618	C01
D009634	C05
D009634	C14
D009634	C16
D009634	C17
D009661	OTH
D009668	C08
D009750	C18
D009755	C11
D009759	C10
D009759	C11
D009765	C18
D009765	C23
D009767	C18
D009767	C23
D009770	F03
D009771	F03
D009794	C23
D009798	C11
D009800	C10
D009800	C16
D009800	C18
D009839	C23
D009845	OTH
D009846	C23
D009849	C10
D009849	C16
D009853	OTH
D009855	C01
D009855	C17
D009877	C01
D009877	C11
D009886	C10
D009886	C11
D009886	C23
D009894	C01
D009896	C10
D009896	C11
D009901	C10
D009901	C11
D009902	C10
D009902	C11
D009920	C19
D009929	OTH
D009958	C05
D009958	C16
D009994	OTH
D009999	C23
D010000	C05
D010001	C05
D010002	C05
D010003	C05
D010004	C05
D010004	C16
D010009	C05
D010009	C16
D010012	C05
D010013	C05
D010013	C16
D010013	C17
D010014	C05
D010018	C05
D010018	C18
D010019	C01
D010019	C05
D010020	C05
D010020	C23
D010022	C05
D010023	C05
D010023	C17
D010024	C05
D010024	C18
D010026	C05
D010031	OTH
D010032	OTH
D010033	OTH
D010034	OTH
D010040	OTH
D010048	C04
D010049	C19
D010051	C04
D010070	OTH
D010118	OTH
D010123	C01
D010144	C04
D010145	C04
D010146	C23
D010148	C23
D010149	C23
D010167	C23
D010179	OTH
D010182	C06
D010188	C06
D010190	C04
D010192	C04
D010195	C06
D010198	C15
D010200	F03
D010211	C10
D010211	C11
D010212	C04
D010214	C16
D010214	C17
D010229	C01
D010235	C04
D010243	C10
D010243	C23
D010245	C05
D010245	C10
D010245	C16
D010245	C18
D010254	C08
D010259	F03
D010262	F03
D010264	C10
D010264	C23
D010265	C15
D010265	C20
D010267	C17
D010272	C01
D010279	C19
D010282	C04
D010291	C10
D010291	C23
D010292	C10
D010292	C23
D010300	C10
D010302	C10
D010304	C01
D010304	C17
D010305	OTH
D010309	OTH
D010366	OTH
D010381	C15
D010381	C16
D010382	C06
D010382	C14
D010383	C18
D010384	C05
D010386	C04
D010391	C17
D010391	C20
D010392	C17
D010392	C20
D010404	OTH
D010406	OTH
D010409	OTH
D010411	C17
D010412	C04
D010437	C06
D010438	C06
D010438	C23
D010439	C06
D010469	F03
D010482	C01
D010488	C14
D010488	C17
D010490	C14
D010493	C14
D010494	C14
D010505	C16
D010508	C01
D010510	OTH
D010518	OTH
D010522	C01
D010522	C05
D010523	C10
D010528	C06
D010534	C04
D010538	C01
D010538	C06
D010547	C08
D010547	C16
D010549	F03
D010551	F03
D010554	F03
D010580	C04
D010591	C10
D010591	C23
D010599	OTH
D010608	OTH
D010612	C01
D010612	C08
D010649	OTH
D010661	C10
D010661	C16
D010661	C18
D010672	OTH
D010673	C04
D010688	OTH
D010689	C14
D010698	F03
D010710	OTH
D010713	OTH
D010716	OTH
D010767	OTH
D010787	C17
D010842	C23
D010842	F03
D010845	C08
D010845	C10
D010845	C18
D010850	C01
D010859	C17
D010859	C23
D010863	C05
D010863	C17
D010863	F03
D010864	C04
D010894	OTH
D010899	C10
D010899	C14
D010899	C19
D010911	C04
D010916	C17
D010918	OTH
D010922	OTH
D010923	OTH
D010930	C01
D010939	OTH
D010953	OTH
D010959	OTH
D010974	OTH
D010976	OTH
D010979	OTH
D010995	C08
D010996	C08
D010998	C01
D010998	C08
D011006	C06
D011008	C01
D011014	C01
D011014	C08
D011015	C01
D011015	C08
D011018	C01
D011018	C08
D011019	C01
D011019	C08
D011020	C01
D011020	C08
D011026	C14
D011027	C06
D011030	C08
D011038	C16
D011038	C17
D011038	C18
D011041	OTH
D011051	C01
D011051	C10
D011085	C04
D011086	C15
D011087	C04
D011110	OTH
D011111	C05
D011111	C17
D011115	C10
D011125	C04
D011127	C23
D011129	C10
D011129	C20
D011141	C23
D011146	C17
D011164	C18
D011178	C06
D011178	C23
D011183	C23
D011188	OTH
D011191	C18
D011200	C01
D011218	C10
D011218	C16
D011218	C18
D011225	OTH
D011239	OTH
D011247	OTH
D011248	OTH
D011272	OTH
D011273	OTH
D011274	OTH
D011288	OTH
D011289	C04
D011293	C23
D011296	OTH
D011297	OTH
D011305	C11
D011312	OTH
D011317	OTH
D011345	OTH
D011346	OTH
D011349	C06
D011350	C06
D011352	OTH
D011371	C16
D011371	C18
D011374	OTH
D011392	OTH
D011433	OTH
D011469	OTH
D011470	OTH
D011471	C04
D011472	OTH
D011504	C06
D011506	OTH
D011507	C23
D011536	C17
D011537	C17
D011537	C23
D011538	C06
D011538	C17
D011539	C17
D011546	C16
D011547	C05
D011547	C16
D011547	C18
D011552	C01
D011556	C05
D011556	C16
D011556	C18
D011559	C10
D011561	C14
D011561	C15
D011561	C16
D011561	C17
D011565	C17
D011595	C10
D011595	C23
D011596	C10
D011596	C23
D011597	C05
D011597	F03
D011602	C23
D011604	F03
D011618	F03
D011625	C11
D011627	OTH
D011628	C19
D011629	C19
D011644	OTH
D011649	C08
D011654	C08
D011655	C08
D011655	C14
D011656	C08
D011657	C08
D011657	C15
D011658	C08
D011660	C14
D011665	C14
D011668	C08
D011668	C14
D011671	OTH
D011681	C10
D011681	C11
D011681	C23
D011686	C16
D011686	C18
D011693	C15
D011693	C23
D011695	C14
D011695	C15
D011695	C20
D011695	C23
D011696	C15
D011696	C20
D011696	C23
D011697	C15
D011697	C23
D011699	OTH
D011702	OTH
D011704	OTH
D011711	C17
D011730	OTH
D011761	OTH
D011776	C01
D011778	C01
D011782	C10
D011782	C23
D011801	OTH
D011803	OTH
D011818	C01
D011832	OTH
D011843	C10
D011855	C17
D011885	OTH
D011899	OTH
D011928	C14
D011930	C05
D011930	F03
D011995	OTH
D012001	C10
D012001	C23
D012002	C06
D012003	C06
D012003	C23
D012004	C04
D012005	C06
D012005	C23
D012010	C15
D012019	C10
D012021	C10
D012021	C23
D012026	C05
D012030	C11
D012035	C10
D012035	C16
D012035	C18
D012038	OTH
D012061	C01
D012078	C14
D012080	C05
D012080	C18
D012080	C19
D012083	OTH
D012090	OTH
D012120	C08
D012127	C08
D012127	C16
D012128	C08
D012129	OTH
D012130	C08
D012130	C20
D012131	C08
D012133	C08
D012133	C10
D012133	C23
D012135	C23
D012140	C08
D012141	C01
D012141	C08
D012148	C10
D012148	F03
D012161	C14
D012162	C11
D012163	C11
D012164	C11
D012166	C11
D012166	C23
D012167	C11
D012170	C11
D012170	C14
D012171	C14
D012173	C11
D012174	C11
D012174	C16
D012175	C04
D012178	C11
D012178	C16
D012185	C23
D012202	C06
D012202	C10
D012202	C18
D012206	C05
D012208	C04
D012213	C01
D012213	C05
D012214	C01
D012214	C14
D012216	C05
D012216	C17
D012217	OTH
D012220	C01
D012220	C08
D012221	C08
D012221	C20
D012222	C08
D012223	C08
D012224	C17
D012253	OTH
D012255	OTH
D012257	C18
D012275	C01
D012279	C05
D012279	C18
D012309	F03
D012393	C17
D012400	C01
D012409	C01
D012415	C05
D012415	C10
D012415	C16
D012459	OTH
D012460	OTH
D012466	OTH
D012468	C04
D012472	C06
D012478	C01
D012480	C01
D012488	OTH
D012497	C10
D012497	C16
D012497	C18
D012507	C15
D012509	C04
D012512	C04
D012514	C04
D012516	C04
D012532	C01
D012532	C17
D012541	C01
D012552	C01
D012559	F03
D012563	F03
D012585	C10
D012585	C23
D012594	C17
D012595	C17
D012598	C23
D012600	C05
D012607	C10
D012607	C11
D012607	C23
D012625	C17
D012628	C17
D012640	C10
D012640	C23
D012652	F03
D012678	C10
D012678	C23
D012680	OTH
D012694	OTH
D012700	C23
D012709	OTH
D012713	C17
D012713	C20
D012725	F03
D012729	C23
D012735	OTH
D012739	OTH
D012749	C01
D012749	C23
D012760	C01
D012768	OTH
D012769	C23
D012770	C14
D012770	C23
D012771	C23
D012772	C01
D012772	C23
D012774	C23
D012778	C06
D012778	C23
D012793	OTH
D012798	OTH
D012804	C14
D012804	C23
D012816	C23
D012817	C23
D012848	C14
D012848	C23
D012852	C01
D012852	C08
D012859	C05
D012859	C11
D012859	C17
D012859	C20
D012868	C16
D012868	C17
D012871	C17
D012872	C17
D012873	C16
D012873	C17
D012874	C01
D012874	C17
D012877	C23
D012878	C04
D012880	C17
D012886	C05
D012887	C10
D012890	C05
D012890	F03
D012891	C08
D012891	C10
D012893	C10
D012893	C23
D012893	F03
D012899	C01
D012907	F03
D012912	C23
D012913	C23
D012934	F03
D012964	OTH
D012968	OTH
D012983	C04
D013001	F03
D013009	C10
D013009	F03
D013015	OTH
D013035	C10
D013035	C23
D013036	C10
D013064	C10
D013064	C23
D013076	OTH
D013081	OTH
D013088	C23
D013103	C15
D013103	C16
D013106	C10
D013106	C16
D013106	C18
D013107	OTH
D013109	OTH
D013117	C10
D013118	C10
D013119	C10
D013122	C05
D013123	OTH
D013130	C05
D013131	C05
D013132	C10
D013132	C16
D013145	C01
D013148	OTH
D013158	C15
D013159	C14
D013159	C15
D013159	C23
D013161	C15
D013163	C23
D013166	C01
D013166	C05
D013167	C05
D013168	C05
D013180	OTH
D013183	OTH
D013203	C01
D013206	C01
D013206	C17
D013207	C01
D013207	C17
D013213	OTH
D013224	C08
D013224	C20
D013226	C10
D013226	C23
D013262	C17
D013262	C20
D013271	C06
D013272	C06
D013274	C04
D013276	C06
D013280	OTH
D013281	OTH
D013285	C10
D013285	C11
D013290	C01
D013313	F03
D013315	F03
D013318	OTH
D013322	C01
D013342	C10
D013342	C23
D013345	C10
D013345	C14
D013345	C23
D013353	C01
D013353	C10
D013375	F03
D013398	C23
D013405	F03
D013406	F03
D013436	C15
D013471	C17
D013479	C14
D013494	C10
D013494	C11
D013494	C23
D013514	OTH
D013530	C01
D013530	C23
D013534	OTH
D013543	C17
D013544	C04
D013546	C17
D013549	OTH
D013566	OTH
D013575	C10
D013575	C23
D013576	C05
D013576	C16
D013580	C05
D013580	C16
D013581	C04
D013585	C05
D013586	C04
D013587	C01
D013610	C14
D013610	C23
D013613	C14
D013613	C23
D013614	C14
D013614	C23
D013616	C14
D013616	C23
D013617	C14
D013617	C23
D013618	C20
D013625	C14
D013625	C17
D013631	C10
D013631	C16
D013631	C18
D013651	C10
D013651	C23
D013662	OTH
D013683	C14
D013683	C15
D013683	C16
D013684	C14
D013693	OTH
D013694	F03
D013700	C10
D013700	C14
D013700	C17
D013700	C20
D013705	C05
D013706	C05
D013708	OTH
D013716	C05
D013717	C05
D013724	C04
D013733	C19
D013734	C16
D013734	C19
D013736	C04
D013742	C01
D013746	C10
D013746	C18
D013746	C23
D013771	C14
D013771	C16
D013789	C15
D013789	C16
D013796	C05
D013796	C16
D013805	OTH
D013806	OTH
D013851	C23
D013894	F03
D013915	C15
D013915	C16
D013919	C14
D013920	C15
D013921	C15
D013922	C15
D013923	C14
D013924	C14
D013925	OTH
D013926	OTH
D013927	C14
D013939	OTH
D013945	C04
D013953	C04
D013954	OTH
D013958	C19
D013959	C19
D013963	OTH
D013964	C04
D013966	C19
D013967	C19
D013967	C20
D013968	C19
D013971	C19
D013972	OTH
D013974	OTH
D013978	OTH
D013981	C10
D013981	F03
D013990	OTH
D013991	C05
D013991	C17
D014005	C01
D014005	C17
D014008	C01
D014008	C17
D014008	C23
D014009	C01
D014009	C17
D014010	C01
D014010	C17
D014012	C10
D014012	C23
D014029	F03
D014060	OTH
D014062	C04
D014064	OTH
D014069	C01
D014069	C08
D014071	C16
D014075	OTH
D014076	OTH
D014077	OTH
D014078	C06
D014082	OTH
D014095	OTH
D014097	OTH
D014098	C23
D014103	C23
D014123	C01
D014133	C08
D014136	C01
D014136	C08
D014138	C06
D014138	C08
D014138	C23
D014196	OTH
D014202	C10
D014202	C23
D014211	C01
D014245	C01
D014247	C01
D014256	F03
D014262	C14
D014277	C10
D014280	OTH
D014284	OTH
D014295	OTH
D014313	C10
D014313	C23
D014328	C04
D014336	OTH
D014353	C01
D014355	C01
D014376	C01
D014380	C01
D014402	C04
D014406	C01
D014408	OTH
D014409	OTH
D014424	C14
D014424	C16
D014424	C19
D014428	C16
D014429	OTH
D014435	C01
D014456	C23
D014458	OTH
D014474	C10
D014474	C23
D014508	OTH
D014511	OTH
D014514	C23
D014517	OTH
D014523	C04
D014524	OTH
D014525	OTH
D014526	OTH
D014527	OTH
D014545	C23
D014549	C23
D014552	C01
D014555	OTH
D014564	C16
D014565	C04
D014568	OTH
D014570	OTH
D014581	C17
D014581	C20
D014590	C05
D014591	OTH
D014592	C23
D014593	OTH
D014594	C04
D014595	OTH
D014596	C23
D014597	OTH
D014604	C04
D014605	C11
D014606	C11
D014607	C10
D014607	C11
D014607	C20
D014615	C01
D014623	OTH
D014625	C04
D014627	OTH
D014635	OTH
D014646	C14
D014647	C14
D014647	C17
D014648	C14
D014652	C14
D014653	C10
D014653	C14
D014655	OTH
D014657	C14
D014661	OTH
D014664	OTH
D014681	C16
D014689	C14
D014690	OTH
D014693	C14
D014693	C23
D014715	C10
D014715	C14
D014717	C10
D014717	C23
D014718	OTH
D014766	C01
D014766	C23
D014770	C23
D014777	C01
D014786	C10
D014786	C11
D014786	C23
D014796	F03
D014797	OTH
D014801	OTH
D014802	C18
D014804	C18
D014805	OTH
D014806	C18
D014807	OTH
D014808	C18
D014810	OTH
D014811	C18
D014812	OTH
D014813	C15
D014813	C18
D014815	OTH
D014820	C17
D014823	C11
D014823	C23
D014826	C08
D014826	C10
D014826	C23
D014832	C08
D014832	C10
D014832	C23
D014839	C23
D014842	C15
D014842	C16
D014845	OTH
D014847	OTH
D014848	OTH
D014849	C16
D014851	C05
D014851	F03
D014859	OTH
D014860	C01
D014860	C17
D014869	C18
D014883	C18
D014890	C08
D014890	C14
D014890	C20
D014897	C10
D014897	C16
D014898	C16
D014898	C18
D014911	OTH
D014917	C01
D014917	C08
D014923	C15
D014923	C16
D014923	C20
D014927	C14
D014927	C16
D014929	C10
D014929	C11
D014929	C16
D014929	C18
D014929	C19
D014945	OTH
D014946	C01
D014947	OTH
D014973	C18
D014983	C04
D014985	C11
D014987	OTH
D015000	OTH
D015004	C01
D015032	OTH
D015043	C04
D015091	OTH
D015140	C10
D015140	C14
D015140	F03
D015154	C06
D015155	C06
D015160	C15
D015160	C16
D015160	C20
D015160	C23
D015163	C01
D015175	C04
D015179	C04
D015207	C05
D015209	C06
D015210	C05
D015210	C16
D015210	C18
D015211	C06
D015211	C10
D015211	C16
D015211	C18
D015212	C06
D015223	C16
D015223	C18
D015228	C18
D015266	C04
D015267	C14
D015267	C15
D015267	C20
D015270	C01
D015275	C15
D015275	C20
D015283	OTH
D015299	C01
D015299	C05
D015319	C16
D015319	C18
D015324	C10
D015324	C16
D015324	C18
D015325	C10
D015325	C16
D015325	C18
D015352	C11
D015354	C10
D015354	C11
D015354	C23
D015356	C11
D015356	C14
D015415	OTH
D015417	C10
D015417	C16
D015418	C10
D015418	C11
D015418	C16
D015419	C10
D015419	C16
D015422	C11
D015423	C11
D015427	C14
D015427	C23
D015430	C23
D015431	C23
D015432	C20
D015433	C20
D015434	C17
D015444	C05
D015448	C04
D015451	C04
D015452	C04
D015459	C04
D015464	C04
D015466	C04
D015470	C04
D015473	C04
D015477	C04
D015493	C01
D015493	C10
D015499	C16
D015499	C18
D015508	C08
D015518	C10
D015518	C16
D015519	C05
D015526	C01
D015526	C10
D015526	C20
D015526	F03
D015535	C05
D015535	C17
D015576	C05
D015594	C10
D015594	C11
D015595	C17
D015603	OTH
D015605	C01
D015614	C15
D015624	C04
D015658	C01
D015658	C20
D015673	C01
D015673	C05
D015673	C10
D015675	OTH
D015715	C11
D015736	OTH
D015746	C23
D015775	OTH
D015776	C16
D015776	C17
D015783	C11
D015783	C16
D015785	C11
D015785	C16
D015794	C11
D015794	C16
D015799	C11
D015799	C16
D015807	C10
D015812	C11
D015814	C11
D015817	C01
D015817	C11
D015828	C01
D015828	C11
D015835	C10
D015835	C11
D015837	OTH
D015841	C11
D015850	OTH
D015862	C11
D015863	C11
D015864	C11
D015866	C11
D015868	C11
D015875	C10
D015875	C11
D015875	C23
D015877	C10
D015877	C11
D015877	C23
D015878	C11
D015992	OTH
D015996	OTH
D016055	OTH
D016059	C05
D016063	C23
D016066	C04
D016080	C04
D016084	OTH
D016098	C01
D016098	C10
D016098	C16
D016103	OTH
D016104	OTH
D016108	C16
D016108	C17
D016109	C16
D016109	C17
D016110	C16
D016110	C17
D016111	C16
D016111	C17
D016111	C18
D016112	C16
D016112	C17
D016114	C16
D016114	C17
D016114	C18
D016115	C11
D016115	C16
D016115	C17
D016115	C18
D016116	C16
D016116	C17
D016116	C18
D016117	C11
D016117	C16
D016117	C17
D016117	C18
D016135	C10
D016135	C16
D016136	C10
D016136	C16
D016142	C05
D016142	C10
D016142	C16
D016171	C14
D016171	C23
D016207	OTH
D016228	OTH
D016263	C01
D016263	C20
D016273	OTH
D016277	OTH
D016279	OTH
D016388	OTH
D016393	C04
D016399	C04
D016403	C04
D016410	C04
D016411	C04
D016460	C17
D016460	C23
D016463	C17
D016464	C16
D016464	C18
D016469	C01
D016469	C23
D016470	C01
D016470	C23
D016471	C19
D016472	C10
D016480	C01
D016481	C01
D016491	C14
D016506	C16
D016506	C17
D016511	C16
D016511	C18
D016511	C20
D016512	OTH
D016518	C04
D016523	C17
D016532	C10
D016532	C16
D016532	C17
D016532	C18
D016534	C14
D016534	C23
D016535	C08
D016537	C10
D016537	C16
D016537	C18
D016538	C16
D016538	C17
D016538	C18
D016540	F03
D016543	C04
D016553	C15
D016553	C20
D016553	C23
D016559	OTH
D016569	C11
D016569	C16
D016575	C17
D016584	F03
D016585	C01
D016606	C04
D016640	C18
D016640	C19
D016649	C19
D016657	C10
D016657	C14
D016657	C18
D016706	C05
D016706	C17
D016706	C20
D016720	C01
D016728	F03
D016731	C01
D016731	C17
D016736	C20
D016738	C06
D016738	C14
D016738	C16
D016739	F03
D016751	C01
D016751	C06
D016757	C14
D016757	C23
D016849	C01
D016849	C11
D016857	C23
D016864	C04
D016867	C20
D016881	C01
D016883	C18
D016883	C19
D016884	C19
D016884	C20
D016889	C04
D016891	C16
D016893	C10
D016893	C14
D016900	OTH
D016905	C01
D016908	C01
D016918	C01
D016918	C05
D016919	C01
D016919	C10
D016920	C01
D016920	C10
D016923	OTH
D017006	C05
D017034	C10
D017035	OTH
D017043	C04
D017044	C16
D017074	C20
D017085	C15
D017085	C16
D017086	C15
D017086	C16
D017091	C06
D017091	C14
D017092	C16
D017092	C17
D017092	C18
D017093	C06
D017094	C06
D017094	C16
D017094	C17
D017094	C18
D017096	C01
D017096	C10
D017098	C15
D017098	C20
D017099	C15
D017099	C20
D017114	C06
D017116	C23
D017118	C06
D017118	C16
D017118	C17
D017118	C18
D017119	C06
D017119	C16
D017119	C17
D017119	C18
D017130	OTH
D017180	C14
D017180	C23
D017192	C01
D017192	C17
D017193	C01
D017193	C17
D017202	C14
D017204	C10
D017204	C16
D017209	OTH
D017240	C05
D017240	C10
D017240	C18
D017241	C05
D017241	C10
D017241	C14
D017241	C16
D017241	C18
D017242	OTH
D017246	C05
D017246	C10
D017246	C11
D017246	C18
D017246	C23
D017253	C04
D017257	OTH
D017285	C05
D017285	C10
D017292	OTH
D017298	OTH
D017308	OTH
D017311	OTH
D017328	OTH
D017332	OTH
D017359	OTH
D017374	OTH
D017379	C14
D017379	C23
D017430	OTH
D017436	C16
D017436	C19
D017439	C23
D017444	C17
D017449	C17
D017449	C20
D017453	C17
D017454	C17
D017454	C20
D017484	C17
D017486	C17
D017488	C16
D017488	C17
D017490	C16
D017490	C17
D017492	C17
D017495	C17
D017496	C17
D017497	C01
D017497	C17
D017499	C16
D017499	C17
D017511	C17
D017512	C17
D017514	C17
D017541	C14
D017544	C14
D017545	C14
D017562	C06
D017562	C23
D017563	C08
D017564	C08
D017578	C20
D017588	C16
D017588	C19
D017590	C10
D017590	C18
D017599	C04
D017673	OTH
D017674	C18
D017675	C06
D017675	C14
D017675	C17
D017675	C18
D017678	OTH
D017681	C15
D017689	C05
D017689	C16
D017693	OTH
D017695	OTH
D017696	C05
D017696	C10
D017699	C23
D017706	OTH
D017714	C01
D017719	C14
D017719	C17
D017719	C19
D017726	C01
D017726	C11
D017728	C04
D017789	C23
D017809	OTH
D017825	C10
D017825	C16
D017825	C18
D017827	C10
D017827	C16
D017880	C05
D017880	C16
D017887	C05
D017887	C23
D017889	C11
D018058	OTH
D018149	C18
D018170	OTH
D018180	OTH
D018192	C04
D018197	C04
D018202	C04
D018204	C04
D018207	C04
D018210	C04
D018212	C04
D018224	C04
D018232	C04
D018248	C04
D018268	C04
D018269	C04
D018270	C04
D018278	C04
D018281	C04
D018295	C04
D018307	C04
D018325	C04
D018357	C01
D018358	C04
D018366	C14
D018366	C20
D018370	C16
D018370	C20
D018382	C19
D018384	OTH
D018410	C01
D018410	C08
D018438	C14
D018442	C04
D018445	OTH
D018450	C23
D018451	F03
D018455	C15
D018457	OTH
D018461	C01
D018476	C10
D018476	C23
D018487	C14
D018488	C05
D018488	C18
D018500	OTH
D018549	C08
D018565	OTH
D018567	C04
D018589	C06
D018589	C23
D018630	C11
D018636	C14
D018636	C16
D018655	OTH
D018677	OTH
D018678	OTH
D018698	OTH
D018737	C05
D018746	C23
D018754	C14
D018761	C04
D018763	C05
D018771	C05
D018771	C23
D018778	C01
D018781	C10
D018784	C01
D018792	C01
D018792	C10
D018798	C15
D018798	C18
D018799	OTH
D018805	C01
D018805	C23
D018826	OTH
D018856	OTH
D018860	C10
D018860	C14
D018860	C17
D018873	OTH
D018879	C14
D018879	C23
D018880	C14
D018880	C23
D018883	OTH
D018887	C10
D018901	C16
D018901	C18
D018902	C05
D018902	C16
D018902	C18
D018908	C05
D018908	C10
D018908	C23
D018917	C10
D018917	C11
D018917	C14
D018921	C15
D018932	OTH
D018950	OTH
D018981	C16
D018981	C18
D019007	OTH
D019040	OTH
D019041	OTH
D019048	C04
D019056	OTH
D019080	C17
D019080	C23
D019082	C16
D019082	C18
D019106	C23
D019115	C05
D019121	C01
D019142	C01
D019150	C10
D019175	OTH
D019189	C18
D019190	C18
D019208	OTH
D019210	OTH
D019226	OTH
D019247	C01
D019247	C18
D019247	C20
D019263	F03
D019270	OTH
D019280	C16
D019282	C18
D019283	C06
D019289	OTH
D019294	C16
D019294	C18
D019301	OTH
D019308	OTH
D019310	C15
D019326	OTH
D019337	C04
D019339	C16
D019339	C17
D019344	OTH
D019386	OTH
D019449	C06
D019462	C10
D019462	C23
D019465	C05
D019465	C16
D019512	C06
D019522	OTH
D019532	OTH
D019547	C23
D019557	C17
D019559	C14
D019567	OTH
D019571	C14
D019571	C16
D019575	C10
D019575	C11
D019575	C23
D019584	C23
D019586	C10
D019587	OTH
D019595	C01
D019636	C10
D019650	OTH
D019693	C06
D019693	C20
D019694	C01
D019694	C06
D019698	C01
D019698	C06
D019767	C05
D019767	C16
D019773	C11
D019781	OTH
D019804	OTH
D019808	OTH
D019819	OTH
D019820	OTH
D019821	OTH
D019838	OTH
D019851	C15
D019867	C08
D019867	C20
D019871	C15
D019871	C16
D019871	C17
D019896	C06
D019896	C08
D019896	C16
D019896	C23
D019955	F03
D019956	F03
D019957	F03
D019963	OTH
D019964	F03
D019966	F03
D019967	F03
D019970	F03
D019973	F03
D020018	F03
D020031	C01
D020047	C06
D020047	C23
D020069	C05
D020069	C23
D020083	C05
D020097	OTH
D020108	OTH
D020116	OTH
D020127	OTH
D020138	C16
D020138	C18
D020141	C14
D020141	C15
D020147	C15
D020151	C15
D020151	C16
D020152	C15
D020152	C16
D020158	C10
D020158	C16
D020158	C18
D020159	C10
D020159	C16
D020159	C18
D020162	C10
D020162	C16
D020162	C18
D020163	C10
D020163	C16
D020163	C18
D020165	C10
D020165	C16
D020165	C18
D020167	C10
D020167	C16
D020167	C18
D020176	C10
D020176	C16
D020176	C18
D020177	C10
D020177	F03
D020178	C10
D020178	F03
D020181	C08
D020181	C10
D020184	C10
D020184	F03
D020188	C10
D020188	F03
D020190	C10
D020191	C10
D020192	C10
D020192	C16
D020194	C10
D020194	C16
D020196	C10
D020215	C10
D020215	C14
D020225	C10
D020225	C14
D020227	C10
D020227	C14
D020230	OTH
D020233	C10
D020233	C23
D020234	C10
D020234	C23
D020236	C10
D020236	C23
D020236	F03
D020246	C14
D020249	OTH
D020250	C23
D020255	C11
D020256	C11
D020256	C23
D020258	C10
D020275	C10
D020275	C20
D020277	C10
D020277	C20
D020279	C10
D020279	C16
D020279	C18
D020280	OTH
D020293	C10
D020293	C14
D020293	C20
D020294	C10
D020294	C16
D020300	C10
D020300	C14
D020300	C23
D020301	C10
D020301	C14
D020315	C20
D020323	C10
D020323	C23
D020324	C10
D020324	C23
D020324	F03
D020326	C10
D020329	C10
D020330	C01
D020330	C10
D020335	C10
D020335	C23
D020336	C10
D020336	C23
D020338	C10
D020340	F03
D020343	C10
D020345	C06
D020370	C05
D020371	C10
D020371	C16
D020371	C18
D020385	C10
D020385	C23
D020388	C05
D020388	C10
D020388	C16
D020389	C05
D020389	C10
D020389	C16
D020391	C05
D020391	C10
D020391	C16
D020404	OTH
D020417	C10
D020417	C11
D020417	C16
D020422	C10
D020425	C10
D020426	C10
D020434	C10
D020447	C10
D020447	F03
D020511	C10
D020513	C05
D020513	C10
D020513	C16
D020513	C18
D020514	C05
D020514	C10
D020514	C16
D020514	C18
D020520	C10
D020520	C14
D020520	C23
D020521	C10
D020521	C14
D020522	C04
D020528	C10
D020528	C20
D020529	C10
D020529	C20
D020547	OTH
D020642	C16
D020642	C18
D020723	OTH
D020734	C10
D020739	C10
D020739	C16
D020739	C18
D020754	C10
D020754	C16
D020757	C10
D020757	C11
D020757	C23
D020759	C10
D020759	C14
D020766	C10
D020766	C14
D020767	C10
D020767	C14
D020774	C10
D020774	F03
D020780	OTH
D020781	OTH
D020783	OTH
D020784	OTH
D020785	C10
D020785	C14
D020785	C16
D020786	C04
D020788	C10
D020788	C11
D020788	C16
D020790	C19
D020795	C10
D020795	C11
D020795	C23
D020802	C01
D020802	C10
D020803	C01
D020803	C10
D020820	C10
D020820	C23
D020821	C10
D020879	C10
D020879	C23
D020896	C23
D020914	C05
D020914	C10
D020915	C10
D020915	C23
D020918	C10
D020920	C10
D020920	F03
D020922	C10
D020922	F03
D020936	C10
D020936	C16
D020955	C10
D020961	C10
D020961	F03
D020967	C05
D020967	C10
D020968	C10
D021081	C10
D021182	C20
D021183	C20
D021184	C20
D021501	C23
D021782	C16
D021921	C14
D022124	C23
D022125	OTH
D022861	C11
D022861	C15
D022861	C16
D022861	C17
D022861	C18
D023201	OTH
D023341	C23
D023903	C14
D023921	C14
D023961	C16
D023961	C19
D024101	OTH
D024502	OTH
D024741	C14
D024741	C16
D024801	C10
D024821	C18
D025063	C16
D025101	OTH
D025242	C05
D025861	C15
D025861	C16
D025901	OTH
D025962	C10
D025962	C16
D026681	C18
D027601	C01
D027845	C01
D028226	C16
D028226	C18
D028227	C10
D028227	C16
D028227	C18
D028243	C10
D028243	C14
D028243	C16
D028243	C18
D028361	C18
D028521	C01
D028921	C16
D028921	C18
D028922	C16
D028922	C18
D029242	C10
D029242	C11
D029242	C16
D029242	C18
D029424	C08
D029461	C10
D029461	C16
D029461	C18
D029481	C01
D029481	C08
D029503	C15
D029503	C16
D029593	C14
D029593	C16
D029597	C14
D029597	C16
D029597	C23
D029721	OTH
D030321	C04
D030342	C16
D030361	C01
D030401	C16
D030401	C18
D031222	C05
D031249	C15
D031300	C11
D031300	C14
D031845	C05
D031845	C16
D031963	C01
D032084	C01
D033461	C23
D033581	OTH
D034062	C01
D034062	C10
D034141	C15
D034161	C01
D034321	C23
D034381	C10
D034381	C23
D034701	C04
D034721	C04
D036341	OTH
D036981	C05
D036982	C05
D037502	OTH
D037541	OTH
D037663	OTH
D037801	C05
D038261	C10
D038261	C16
D038261	C18
D038681	OTH
D038901	C10
D038901	C16
D038921	C10
D038921	C16
D039141	C05
D039141	C10
D039141	C16
D040181	C16
D040641	OTH
D040701	F03
D041441	C11
D041781	C23
D041881	C06
D042101	C06
D042461	OTH
D042643	OTH
D042683	OTH
D042882	C06
D042882	C23
D043183	C06
D043202	C16
D043202	C18
D043204	C16
D043204	C18
D043762	F03
D044148	C15
D044148	C16
D044242	OTH
D044342	C18
D044463	OTH
D044504	C06
D044542	C05
D044542	C14
D044542	C16
D044542	C17
D044882	C18
D044903	C06
D044903	C16
D044903	C18
D044905	C16
D044905	C18
D044943	OTH
D045169	C01
D045169	C08
D045262	C23
D045602	C06
D045602	C18
D045743	C17
D045745	C17
D045822	C06
D045822	C23
D045823	C06
D045908	C01
D045909	OTH
D046088	C10
D046088	C23
D046089	C10
D046089	C23
D046110	C14
D046150	C05
D046150	C16
D046150	C19
D046152	C04
D046248	C06
D046349	C06
D046349	C16
D046349	C17
D046349	C18
D046350	C06
D046350	C16
D046350	C17
D046350	C18
D046351	C06
D046351	C16
D046351	C17
D046351	C18
D046449	C23
D046589	C10
D046589	C14
D046589	C16
D046589	C23
D046628	C06
D046728	C06
D046730	C06
D046748	C23
D047150	OTH
D047508	C06
D047688	C04
D047728	C11
D047748	C10
D047748	C19
D047808	C16
D047808	C19
D047889	OTH
D047908	OTH
D047928	OTH
D048550	C06
D048909	C19
D049109	OTH
D049168	OTH
D049288	C05
D049288	C10
D049288	C16
D049290	C10
D049290	C16
D049290	C18
D049291	C23
D049310	C05
D049310	C10
D049310	C16
D049628	OTH
D049629	OTH
D049912	C04
D049932	C18
D049950	C19
D049951	OTH
D049970	C11
D049970	C16
D049970	C19
D049970	C20
D050030	C14
D050030	C16
D050030	C23
D050031	C19
D050090	C16
D050090	C19
D050151	OTH
D050152	OTH
D050154	OTH
D050155	OTH
D050171	C18
D050197	C14
D050217	OTH
D050218	OTH
D050336	C05
D050336	C16
D050396	OTH
D050497	C23
D050500	C06
D050719	OTH
D050723	OTH
D050724	OTH
D050815	OTH
D051271	C10
D051346	C23
D051359	C15
D051436	OTH
D051437	OTH
D051474	C10
D051474	C23
D051516	OTH
D051521	OTH
D051547	OTH
D051677	C04
D051799	C23
D052016	C06
D052018	F03
D052065	F03
D052120	C10
D052120	C14
D052120	C16
D052120	C18
D052159	C16
D052159	C19
D052177	OTH
D052245	C10
D052245	C11
D052245	C16
D052245	C23
D052256	C05
D052439	C18
D052456	C16
D052456	C18
D052496	C16
D052496	C17
D052496	C18
D052497	C16
D052497	C17
D052497	C18
D052517	C10
D052517	C16
D052517	C18
D052536	C10
D052536	C15
D052536	C16
D052536	C18
D052537	C10
D052537	C15
D052537	C16
D052537	C18
D052556	C10
D052556	C15
D052556	C16
D052556	C18
D052582	C05
D052801	OTH
D052858	C23
D052878	OTH
D052919	C10
D052919	C16
D052919	C18
D053039	OTH
D053040	OTH
D053098	C05
D053098	C16
D053098	C18
D053099	C23
D053146	OTH
D053158	C23
D053159	C23
D053181	OTH
D053201	C23
D053202	C23
D053206	F03
D053220	OTH
D053221	OTH
D053264	OTH
D053306	C15
D053306	C16
D053306	C20
D053326	OTH
D053359	C16
D053359	C17
D053360	C16
D053360	C17
D053448	C23
D053480	OTH
D053495	OTH
D053529	C16
D053529	C17
D053546	C16
D053546	C17
D053549	C16
D053549	C17
D053559	C11
D053559	C16
D053560	C16
D053560	C17
D053565	C23
D053578	C04
D053579	C16
D053607	OTH
D053608	C10
D053608	C23
D053609	C10
D053609	C23
D053627	OTH
D053632	C16
D053632	C20
D053671	OTH
D053682	C05
D053706	C01
D053706	C06
D053713	OTH
D053714	OTH
D053717	C01
D053717	C08
D053717	C23
D053722	OTH
D053829	OTH
D053840	C14
D053840	C16
D054038	C10
D054039	C17
D054058	C14
D054059	C14
D054060	C08
D054060	C14
D054060	C23
D054067	C16
D054067	C18
D054068	C14
D054068	C17
D054068	C23
D054070	C14
D054078	C10
D054078	C15
D054078	C16
D054078	C18
D054078	C20
D054079	C14
D054079	C16
D054082	C10
D054082	C16
D054091	C10
D054091	C16
D054092	C14
D054092	C16
D054141	C14
D054141	C23
D054160	C23
D054179	C14
D054179	C16
D054179	C17
D054179	C20
D054198	C04
D054218	C04
D054220	C10
D054220	C16
D054221	C10
D054221	C16
D054222	C10
D054222	C16
D054304	OTH
D054369	OTH
D054391	C04
D054412	OTH
D054463	C16
D054463	C17
D054514	C11
D054514	C16
D054537	C14
D054537	C23
D054546	C10
D054546	C16
D054556	C14
D054559	C18
D054747	C04
D054850	C05
D054868	C15
D054868	C16
D054880	C16
D054880	C18
D054882	C05
D054882	C16
D054882	C18
D054969	C10
D054971	C10
D054971	C23
D054972	C10
D054973	C04
D054975	C04
D054989	C17
D054989	C23
D054990	C08
D055009	C05
D055013	C05
D055031	C14
D055031	C23
D055034	C05
D055036	C05
D055036	C16
D055105	OTH
D055107	C17
D055109	OTH
D055112	OTH
D055113	OTH
D055154	C08
D055154	C10
D055154	C23
D055191	C23
D055316	OTH
D055370	C08
D055371	C08
D055418	OTH
D055423	OTH
D055436	OTH
D055499	C01
D055500	F03
D055577	C10
D055577	C16
D055577	C18
D055623	C04
D055652	C15
D055652	C16
D055653	C04
D055665	C15
D055665	C23
D055673	C10
D055673	C16
D055728	C15
D055732	C01
D055732	C08
D055752	C04
D055947	C05
D055947	C14
D055947	C16
D055952	C10
D055952	C11
D055952	C14
D055953	C10
D055953	C14
D055953	C20
D055959	C05
D055963	C08
D055963	C20
D055985	C01
D056128	C18
D056150	C17
D056150	C20
D056152	OTH
D056266	C16
D056266	C17
D056304	C05
D056344	F03
D056486	C06
D056587	C16
D056587	C17
D056647	C14
D056648	C14
D056648	C20
D056660	C16
D056660	C17
D056684	C16
D056684	C17
D056684	C23
D056685	C05
D056685	C16
D056693	C16
D056693	C18
D056725	C15
D056725	C16
D056728	C15
D056728	C16
D056729	C15
D056729	C16
D056730	C05
D056730	C16
D056732	C16
D056733	C04
D056734	C16
D056734	C17
D056735	C15
D056735	C16
D056735	C20
D056768	C10
D056768	C16
D056769	C10
D056769	C11
D056769	C16
D056770	C16
D056770	C17
D056784	C10
D056806	C10
D056806	C16
D056806	C18
D056807	C10
D056807	C16
D056807	C18
D056828	C14
D056828	C17
D056828	C20
D056833	C11
D056844	C23
D056846	C05
D056846	C11
D056846	C16
D056846	C17
D056887	C23
D056889	C14
D056889	C16
D056889	C18
D056912	F03
D056929	C16
D056989	C14
D056989	C23
D057049	C15
D057066	C11
D057092	C11
D057108	C11
D057112	C10
D057112	C11
D057130	C11
D057135	C11
D057174	C10
D057174	C18
D057174	F03
D057180	C10
D057180	C18
D057180	F03
D057220	OTH
D057565	F03
D057765	C06
D057765	C15
D057765	C20
D057767	C05
D057770	C16
D057770	C17
D057868	C23
D057896	C23
D057973	C16
D058186	OTH
D058225	C23
D058226	C23
D058246	C14
D058249	C04
D058256	C05
D058447	C11
D058447	C23
D058456	C11
D058456	C14
D058489	C16
D058489	C19
D058490	C16
D058490	C19
D058494	C10
D058494	C11
D058494	C16
D058495	C16
D058496	C10
D058496	C16
D058497	C05
D058497	C11
D058497	C16
D058499	C11
D058529	C14
D058529	C16
D058531	C16
D058531	C19
D058566	C05
D058625	C06
D058627	C05
D058627	C10
D058627	C16
D058631	C05
D058631	C16
D058631	C18
D058729	C14
D058747	C11
D058747	C16
D058866	OTH
D058999	F03
D059020	F03
D059026	F03
D059168	OTH
D059226	C23
D059246	C08
D059246	C23
D059266	C05
D059266	C23
D059268	OTH
D059289	OTH
D059327	C05
D059327	C16
D059345	C10
D059345	C14
D059348	C10
D059350	C23
D059352	C05
D059352	C23
D059373	C23
D059390	C23
D059409	C10
D059409	C14
D059409	C23
D059411	C23
D059413	C01
D059445	C10
D059445	C23
D059446	C14
D059446	C15
D059446	C16
D059505	OTH
D059506	OTH
D059606	C23
D059607	C23
D059787	C23
D059906	OTH
D060048	C05
D060085	C01
D060585	C01
D060585	C17
D060737	C01
D060766	OTH
D060825	F03
D060831	C17
D061085	C10
D061085	C16
D061085	C23
D061205	C18
D061212	F03
D061270	C08
D061686	F03
D062025	OTH
D062027	C17
D062027	C20
D062186	OTH
D062485	OTH
D062685	C16
D062685	C17
D062727	OTH
D062787	OTH
D062788	OTH
D063087	OTH
D063647	C16
D063730	C05
D063730	C18
D063766	C18
D063766	C23
D063806	C05
D063806	C10
D063806	C23
D063807	C17
D063847	OTH
D063926	C17
D063926	C20
D064094	OTH
D064098	OTH
D064147	C15
D064266	OTH
D064386	OTH
D064420	OTH
D064451	OTH
D064726	C04
D064747	OTH
D064750	OTH
D064787	OTH
D064793	C23
D064807	OTH
D065134	C17
D065227	C15
D065227	C20
D065306	C10
D065306	C11
D065626	C06
D065627	C08
D065630	C16
D065630	C23
D065631	C08
D065631	C20
D065634	C10
D065634	C23
D065646	C04
D065666	C06
D065666	C14
D065703	C10
D065703	C16
D065706	C10
D065706	C16
D065707	C10
D065707	C16
D065768	C10
D065768	C16
D065817	C16
D065852	F03
D065855	F03
D065886	F03
D065906	C18
D065906	C23
D066087	C23
D066126	C14
D066126	C23
D066246	OTH
D066273	OTH
SDI0168	OTH
